Id,OwnerId,IsDeleted,Name,CreatedDate,CreatedById,LastModifiedDate,LastModifiedById,SystemModstamp,nFORCE__Generator_Class__c,nFORCE__lookupKey__c,nFORCE__Category__c,nFORCE__Layout_Description__c,nFORCE__Layout_Preview_Image__c,nFORCE__Visualforce_Page__c,AutorabitExtId__c
"a314T000000XlwYQAS","0054T000000ZYm5QAG","","NoLayout","2019-09-09T15:17:11.000Z","0054T000000ZYm5QAG","2019-09-09T15:17:11.000Z","0054T000000ZYm5QAG","","Html.Layouts.NoLayout","42843430795241936","","","","",""
"a314T000000XlwZQAS","0054T000000ZYm5QAG","","TableLayout","2019-09-09T15:17:11.000Z","0054T000000ZYm5QAG","2019-09-09T15:17:11.000Z","0054T000000ZYm5QAG","","Html.Layouts.TableLayout","42620219559902767","","","","",""
"a314T000000XlwaQAC","0054T000000ZYm5QAG","","NoLayout","2019-09-09T15:17:11.000Z","0054T000000ZYm5QAG","2019-09-09T15:17:11.000Z","0054T000000ZYm5QAG","","Html.Layouts.NoLayout","42118913078927911","","","","",""
"a314T000000XlwbQAC","0054T000000ZYm5QAG","","TableLayout","2019-09-09T15:17:11.000Z","0054T000000ZYm5QAG","2019-09-09T15:17:11.000Z","0054T000000ZYm5QAG","","Html.Layouts.TableLayout","42379542422367999","","","","",""
"a314T000000XlwcQAC","0054T000000ZYm5QAG","","NoLayout","2019-09-09T15:17:11.000Z","0054T000000ZYm5QAG","2019-09-09T15:17:11.000Z","0054T000000ZYm5QAG","","Html.Layouts.NoLayout","42010404282585951","","","","",""
"a314T000000XlwdQAC","0054T000000ZYm5QAG","","TableLayout","2019-09-09T15:17:11.000Z","0054T000000ZYm5QAG","2019-09-09T15:17:11.000Z","0054T000000ZYm5QAG","","Html.Layouts.TableLayout","42330772023515628","","","","",""
"a314T000000XlweQAC","0054T000000ZYm5QAG","","NoLayout","2019-09-09T15:17:11.000Z","0054T000000ZYm5QAG","2019-09-09T15:17:11.000Z","0054T000000ZYm5QAG","","Html.Layouts.NoLayout","42059230604861012","","","","",""
"a314T000000XlwfQAC","0054T000000ZYm5QAG","","NoLayout","2019-09-09T15:17:11.000Z","0054T000000ZYm5QAG","2019-09-09T15:17:11.000Z","0054T000000ZYm5QAG","","Html.Layouts.NoLayout","42032279093299544","","","","",""
"a314T000000XlwgQAC","0054T000000ZYm5QAG","","TwoColumnGrid","2019-09-09T15:17:11.000Z","0054T000000ZYm5QAG","2019-09-09T15:17:11.000Z","0054T000000ZYm5QAG","","Html.Layouts.TwoColumnGrid","42743435885606291","","","","",""
"a314T000000XlwhQAC","0054T000000ZYm5QAG","","TableLayout","2019-09-09T15:17:11.000Z","0054T000000ZYm5QAG","2019-09-09T15:17:11.000Z","0054T000000ZYm5QAG","","Html.Layouts.TableLayout","42449592905539214","","","","",""
"a314T000000XlwiQAC","0054T000000ZYm5QAG","","TableLayout","2019-09-09T15:17:11.000Z","0054T000000ZYm5QAG","2019-09-09T15:17:11.000Z","0054T000000ZYm5QAG","","Html.Layouts.TableLayout","42363365850516878","","","","",""
"a314T000000XlwjQAC","0054T000000ZYm5QAG","","NoLayout","2019-09-09T15:17:11.000Z","0054T000000ZYm5QAG","2019-09-09T15:17:11.000Z","0054T000000ZYm5QAG","","Html.Layouts.NoLayout","42570375510371452","","","","",""
"a314T000000XlwkQAC","0054T000000ZYm5QAG","","TableLayout","2019-09-09T15:17:11.000Z","0054T000000ZYm5QAG","2019-09-09T15:17:11.000Z","0054T000000ZYm5QAG","","Html.Layouts.TableLayout","42196880520435636","","","","",""
"a314T000000XlwlQAC","0054T000000ZYm5QAG","","NoLayout","2019-09-09T15:17:11.000Z","0054T000000ZYm5QAG","2019-09-09T15:17:11.000Z","0054T000000ZYm5QAG","","Html.Layouts.NoLayout","42045393599997443","","","","",""
"a314T000000XlwmQAC","0054T000000ZYm5QAG","","TableLayout","2019-09-09T15:17:11.000Z","0054T000000ZYm5QAG","2019-09-09T15:17:11.000Z","0054T000000ZYm5QAG","","Html.Layouts.TableLayout","42413369239697889","","","","",""
"a314T000000XlzMQAS","0054T000000ZYm5QAG","","TwoColumnGrid","2019-09-09T15:17:11.000Z","0054T000000ZYm5QAG","2019-09-09T15:17:11.000Z","0054T000000ZYm5QAG","","Html.Layouts.TwoColumnGrid","42635892505417405","","","","",""
"a314T000000Xm1XQAS","0054T000000ZYm5QAG","","NoLayout","2019-09-09T15:17:11.000Z","0054T000000ZYm5QAG","2019-09-09T15:17:11.000Z","0054T000000ZYm5QAG","","Html.Layouts.NoLayout","42069195956197537","","","","",""
"a314T000000Xm1YQAS","0054T000000ZYm5QAG","","TableLayout","2019-09-09T15:17:11.000Z","0054T000000ZYm5QAG","2019-09-09T15:17:11.000Z","0054T000000ZYm5QAG","","Html.Layouts.TableLayout","42151371366103877","","","","",""
"a314T000000Xm1ZQAS","0054T000000ZYm5QAG","","NoLayout","2019-09-09T15:17:11.000Z","0054T000000ZYm5QAG","2019-09-09T15:17:11.000Z","0054T000000ZYm5QAG","","Html.Layouts.NoLayout","42533503444644807","","","","",""
"a314T000000Xm1aQAC","0054T000000ZYm5QAG","","TableLayout","2019-09-09T15:17:11.000Z","0054T000000ZYm5QAG","2019-09-09T15:17:11.000Z","0054T000000ZYm5QAG","","Html.Layouts.TableLayout","42394257726265058","","","","",""
"a314T000000Xm1bQAC","0054T000000ZYm5QAG","","NoLayout","2019-09-09T15:17:11.000Z","0054T000000ZYm5QAG","2019-09-09T15:17:11.000Z","0054T000000ZYm5QAG","","Html.Layouts.NoLayout","42455445973035914","","","","",""
"a314T000000Xm1cQAC","0054T000000ZYm5QAG","","TableLayout","2019-09-09T15:17:11.000Z","0054T000000ZYm5QAG","2019-09-09T15:17:11.000Z","0054T000000ZYm5QAG","","Html.Layouts.TableLayout","42321216180824489","","","","",""
"a314T000000Xm1dQAC","0054T000000ZYm5QAG","","NoLayout","2019-09-09T15:17:11.000Z","0054T000000ZYm5QAG","2019-09-09T15:17:11.000Z","0054T000000ZYm5QAG","","Html.Layouts.NoLayout","42381453425442462","","","","",""
"a314T000000Xm1eQAC","0054T000000ZYm5QAG","","NoLayout","2019-09-09T15:17:11.000Z","0054T000000ZYm5QAG","2019-09-09T15:17:11.000Z","0054T000000ZYm5QAG","","Html.Layouts.NoLayout","42788233475631065","","","","",""
"a314T000000Xm1fQAC","0054T000000ZYm5QAG","","TwoColumnGrid","2019-09-09T15:17:11.000Z","0054T000000ZYm5QAG","2019-09-09T15:17:11.000Z","0054T000000ZYm5QAG","","Html.Layouts.TwoColumnGrid","42947486705233653","","","","",""
"a314T000000Xm1gQAC","0054T000000ZYm5QAG","","TableLayout","2019-09-09T15:17:11.000Z","0054T000000ZYm5QAG","2019-09-09T15:17:11.000Z","0054T000000ZYm5QAG","","Html.Layouts.TableLayout","42531594138459491","","","","",""
"a314T000000Xm1hQAC","0054T000000ZYm5QAG","","TableLayout","2019-09-09T15:17:11.000Z","0054T000000ZYm5QAG","2019-09-09T15:17:11.000Z","0054T000000ZYm5QAG","","Html.Layouts.TableLayout","42111200272615970","","","","",""
"a314T000000Xm1iQAC","0054T000000ZYm5QAG","","NoLayout","2019-09-09T15:17:11.000Z","0054T000000ZYm5QAG","2019-09-09T15:17:11.000Z","0054T000000ZYm5QAG","","Html.Layouts.NoLayout","42030325600552313","","","","",""
"a314T000000Xm1jQAC","0054T000000ZYm5QAG","","TableLayout","2019-09-09T15:17:11.000Z","0054T000000ZYm5QAG","2019-09-09T15:17:11.000Z","0054T000000ZYm5QAG","","Html.Layouts.TableLayout","42406872600303928","","","","",""
"a314T000000Xm1kQAC","0054T000000ZYm5QAG","","NoLayout","2019-09-09T15:17:11.000Z","0054T000000ZYm5QAG","2019-09-09T15:17:11.000Z","0054T000000ZYm5QAG","","Html.Layouts.NoLayout","42156126140385191","","","","",""
"a314T000000Xm1lQAC","0054T000000ZYm5QAG","","TableLayout","2019-09-09T15:17:11.000Z","0054T000000ZYm5QAG","2019-09-09T15:17:11.000Z","0054T000000ZYm5QAG","","Html.Layouts.TableLayout","42494243741873299","","","","",""
"a314T000000Xm1mQAC","0054T000000ZYm5QAG","","TwoColumnGrid","2019-09-09T15:17:11.000Z","0054T000000ZYm5QAG","2019-09-09T15:17:11.000Z","0054T000000ZYm5QAG","","Html.Layouts.TwoColumnGrid","42584093419810441","","","","",""
"a314T000000Xm1qQAC","0054T0000012R1IQAU","","SingleColumnGrid","2019-09-09T15:17:11.000Z","0054T0000012R1IQAU","2019-09-09T15:17:11.000Z","0054T0000012R1IQAU","","Html.Layouts.SingleColumnGrid","42041576065631251","","","","",""
"a314T000000Xm1rQAC","0054T0000012R1IQAU","","SingleColumnGrid","2019-09-09T15:17:11.000Z","0054T0000012R1IQAU","2019-09-09T15:17:11.000Z","0054T0000012R1IQAU","","Html.Layouts.SingleColumnGrid","4232600107065066","","","","",""
"a314T000000Xm1xQAC","0054T000000ZYm5QAG","","TwoColumnGrid","2019-09-09T15:17:11.000Z","0054T000000ZYm5QAG","2019-09-09T15:17:11.000Z","0054T000000ZYm5QAG","","Html.Layouts.TwoColumnGrid","42028630093407270","","","","",""
"a314T000000Xm1yQAC","0054T000000ZYm5QAG","","TwoColumnGrid","2019-09-09T15:17:11.000Z","0054T000000ZYm5QAG","2019-09-09T15:17:11.000Z","0054T000000ZYm5QAG","","Html.Layouts.TwoColumnGrid","42089604210790328","","","","",""
"a314T000000Xm2QQAS","0054T000000ZYm5QAG","","TwoColumnGrid","2019-09-09T15:17:11.000Z","0054T000000ZYm5QAG","2019-09-09T15:17:11.000Z","0054T000000ZYm5QAG","","Html.Layouts.TwoColumnGrid","42719657294505839","","","","",""
"a314T000000Xm2RQAS","0054T000000ZYm5QAG","","TwoColumnGrid","2019-09-09T15:17:11.000Z","0054T000000ZYm5QAG","2019-09-09T15:17:11.000Z","0054T000000ZYm5QAG","","Html.Layouts.TwoColumnGrid","42374104057366121","","","","",""
"a314T000000Y40pQAC","0054T000000ZYm5QAG","","NoLayout","2019-09-18T14:48:46.000Z","0054T000000ZYm5QAG","2019-09-18T14:48:46.000Z","0054T000000ZYm5QAG","","Html.Layouts.NoLayout","42916827350459778","","","","",""
"a314T000000Y40qQAC","0054T000000ZYm5QAG","","TableLayout","2019-09-18T14:48:46.000Z","0054T000000ZYm5QAG","2019-09-18T14:48:46.000Z","0054T000000ZYm5QAG","","Html.Layouts.TableLayout","42074388686878139","","","","",""
"a314T000000Y40rQAC","0054T000000ZYm5QAG","","NoLayout","2019-09-18T14:48:46.000Z","0054T000000ZYm5QAG","2019-09-18T14:48:46.000Z","0054T000000ZYm5QAG","","Html.Layouts.NoLayout","42460406685346119","","","","",""
"a314T000000Y40sQAC","0054T000000ZYm5QAG","","TableLayout","2019-09-18T14:48:46.000Z","0054T000000ZYm5QAG","2019-09-18T14:48:46.000Z","0054T000000ZYm5QAG","","Html.Layouts.TableLayout","42403459117179834","","","","",""
"a314T000000Y40tQAC","0054T000000ZYm5QAG","","NoLayout","2019-09-18T14:48:46.000Z","0054T000000ZYm5QAG","2019-09-18T14:48:46.000Z","0054T000000ZYm5QAG","","Html.Layouts.NoLayout","42496810248058409","","","","",""
"a314T000000Y40uQAC","0054T000000ZYm5QAG","","TableLayout","2019-09-18T14:48:46.000Z","0054T000000ZYm5QAG","2019-09-18T14:48:46.000Z","0054T000000ZYm5QAG","","Html.Layouts.TableLayout","42441386949028663","","","","",""
"a314T000000Y40vQAC","0054T000000ZYm5QAG","","NoLayout","2019-09-18T14:48:46.000Z","0054T000000ZYm5QAG","2019-09-18T14:48:46.000Z","0054T000000ZYm5QAG","","Html.Layouts.NoLayout","42315236912836924","","","","",""
"a314T000000Y40wQAC","0054T000000ZYm5QAG","","NoLayout","2019-09-18T14:48:46.000Z","0054T000000ZYm5QAG","2019-09-18T14:48:46.000Z","0054T000000ZYm5QAG","","Html.Layouts.NoLayout","42932323036510180","","","","",""
"a314T000000Y40xQAC","0054T000000ZYm5QAG","","TwoColumnGrid","2019-09-18T14:48:46.000Z","0054T000000ZYm5QAG","2019-09-18T14:48:46.000Z","0054T000000ZYm5QAG","","Html.Layouts.TwoColumnGrid","42045615829500263","","","","",""
"a314T000000Y40yQAC","0054T000000ZYm5QAG","","TableLayout","2019-09-18T14:48:46.000Z","0054T000000ZYm5QAG","2019-09-18T14:48:46.000Z","0054T000000ZYm5QAG","","Html.Layouts.TableLayout","42912195850944034","","","","",""
"a314T000000Y40zQAC","0054T000000ZYm5QAG","","TableLayout","2019-09-18T14:48:46.000Z","0054T000000ZYm5QAG","2019-09-18T14:48:46.000Z","0054T000000ZYm5QAG","","Html.Layouts.TableLayout","42898103886942841","","","","",""
"a314T000000Y410QAC","0054T000000ZYm5QAG","","NoLayout","2019-09-18T14:48:46.000Z","0054T000000ZYm5QAG","2019-09-18T14:48:46.000Z","0054T000000ZYm5QAG","","Html.Layouts.NoLayout","42839678317927903","","","","",""
"a314T000000Y411QAC","0054T000000ZYm5QAG","","TableLayout","2019-09-18T14:48:46.000Z","0054T000000ZYm5QAG","2019-09-18T14:48:46.000Z","0054T000000ZYm5QAG","","Html.Layouts.TableLayout","42758461146247363","","","","",""
"a314T000000Y412QAC","0054T000000ZYm5QAG","","NoLayout","2019-09-18T14:48:46.000Z","0054T000000ZYm5QAG","2019-09-18T14:48:46.000Z","0054T000000ZYm5QAG","","Html.Layouts.NoLayout","4272829662524133","","","","",""
"a314T000000Y413QAC","0054T000000ZYm5QAG","","TableLayout","2019-09-18T14:48:46.000Z","0054T000000ZYm5QAG","2019-09-18T14:48:46.000Z","0054T000000ZYm5QAG","","Html.Layouts.TableLayout","42189912289925378","","","","",""
"a314T000000Y414QAC","0054T000000ZYm5QAG","","TwoColumnGrid","2019-09-18T14:48:46.000Z","0054T000000ZYm5QAG","2019-09-18T14:48:46.000Z","0054T000000ZYm5QAG","","Html.Layouts.TwoColumnGrid","42693920470501471","","","","",""
"a314T000000Y415QAC","0054T000000ZYm5QAG","","SingleColumnGrid","2019-09-18T14:48:46.000Z","0054T000000ZYm5QAG","2019-09-18T14:48:46.000Z","0054T000000ZYm5QAG","","Html.Layouts.SingleColumnGrid","42109206235263396","","","","",""
"a314T000000Y416QAC","0054T000000ZYm5QAG","","SingleColumnGrid","2019-09-18T14:48:46.000Z","0054T000000ZYm5QAG","2019-09-18T14:48:46.000Z","0054T000000ZYm5QAG","","Html.Layouts.SingleColumnGrid","42362886767991102","","","","",""
"a314T000000Y417QAC","0054T000000ZYm5QAG","","TwoColumnGrid","2019-09-18T14:48:46.000Z","0054T000000ZYm5QAG","2019-09-18T14:48:46.000Z","0054T000000ZYm5QAG","","Html.Layouts.TwoColumnGrid","42165420710142403","","","","",""
"a314T000000Y418QAC","0054T000000ZYm5QAG","","TwoColumnGrid","2019-09-18T14:48:46.000Z","0054T000000ZYm5QAG","2019-09-18T14:48:46.000Z","0054T000000ZYm5QAG","","Html.Layouts.TwoColumnGrid","42710240661104441","","","","",""
"a314T000000Y419QAC","0054T000000ZYm5QAG","","TwoColumnGrid","2019-09-18T14:48:46.000Z","0054T000000ZYm5QAG","2019-09-18T14:48:46.000Z","0054T000000ZYm5QAG","","Html.Layouts.TwoColumnGrid","42159576052989714","","","","",""
"a314T000000Y41AQAS","0054T000000ZYm5QAG","","TwoColumnGrid","2019-09-18T14:48:46.000Z","0054T000000ZYm5QAG","2019-09-18T14:48:46.000Z","0054T000000ZYm5QAG","","Html.Layouts.TwoColumnGrid","42482740172899447","","","","",""
